{
    "Wed Sep 20 22:05:55 2023": 0.266590416431427,
    "Wed Sep 20 22:06:04 2023": 0.23328253999352455,
    "Wed Sep 20 22:06:12 2023": 9.814589023590088,
    "Tue Sep 26 16:46:07 2023": 8.954774737358093
}