{
    "Mon Sep 18 14:53:59 2023": 0.21633382886648178,
    "Tue Sep 19 14:53:59 2023": 0.425362826372826,
    "Wed Sep 20 16:53:31 2023": 5.032262750901282,
    "Tue Sep 26 16:46:07 2023": 8.954774737358093
}